Text,Sentiment
Minor adverse development in credit environment noted by management,Weak_Bearish
Standard confirmation of clean bill of health from auditors,Neutral
Company faces immediate moratorium on all dividend payments,Strong_Bearish
Major political interference threatens complete disruption of operations,Strong_Bearish
Strong monsoon boosts hydropower output dramatically this quarter,Strong_Bullish
Company confirms no material litigation currently pending,Neutral
Company reports highest ever earnings per share in recent history,Strong_Bullish
Small adverse news on sector consolidation affects valuation,Weak_Bearish
Company reports minor positive movement in forward looking indicators,Weak_Bullish
Routine update on progress of existing strategic initiatives,Neutral
Record profit distribution rewards shareholders with exceptional returns,Strong_Bullish
Central bank imposes heavy penalty on bank for regulatory violations,Strong_Bearish
Company confirms no change in senior management structure,Neutral
Company faces mild pressure from increasing competitive activity,Weak_Bearish
Small reduction in trade finance volumes noted this quarter,Weak_Bearish
Standard reconciliation of interbank accounts completed today,Neutral
Slight increase in claims ratio affects insurance profitability,Weak_Bearish
Company achieves highest credit rating upgrade in sector history,Strong_Bullish
Slight increase in funding cost erodes net interest margin,Weak_Bearish
Company reports small but consistent growth in fee based revenue,Weak_Bullish
Company issues standard clarification on media reports,Neutral
Investor confidence weakens mildly after routine financial report,Weak_Bearish
Company reports slight improvement in treasury income contribution,Weak_Bullish
Routine reassignment of staff between departments announced,Neutral
Provision for bad loans increases slightly above expectations,Weak_Bearish
Standard quarterly disclosure on non-performing assets filed,Neutral
Loan growth slows slightly in current fiscal period,Weak_Bearish
Routine board approval for annual procurement plan completed,Neutral
Small but positive trend in loan book growth rate continues,Weak_Bullish
Minor adverse development in foreign exchange market noted,Weak_Bearish
Non-performing asset ratio edges up slightly this quarter,Weak_Bearish
Catastrophic single event loss destroys decade of accumulated profits,Strong_Bearish
Company faces mild pressure from increasing competitive activity,Weak_Bearish
Routine change of minor terms in deposit account agreement,Neutral
Serious regulatory enforcement closes company main business division,Strong_Bearish
Small gain in market share in key banking segment noted,Weak_Bullish
No major announcement made by company today,Neutral
Slight softening in business confidence affects banking activity,Weak_Bearish
Company reports strong growth in all key financial indicators,Strong_Bullish
Company participates in standard industry association meeting,Neutral
Exceptional board leadership drives company to record profitability,Strong_Bullish
Company reports marginal improvement in cost to income ratio,Weak_Bullish
Slight increase in technology investment reduces short term profit,Weak_Bearish
Company delivers outstanding results exceeding all market expectations,Strong_Bullish
Standard disclosure on related party transactions published,Neutral
Operating expenses rise slightly reducing net income this period,Weak_Bearish
Exceptional asset management generates record fee income this quarter,Strong_Bullish
Annual profit exceeds budget by substantial margin delighting investors,Strong_Bullish
Company reports minor decline in return on assets metric,Weak_Bearish
Annual accounts show company in strongest financial position ever,Strong_Bullish
Company confirms existing auditor retained for another year,Neutral
Serious concern about company management integrity from all quarters,Strong_Bearish
Foreign investment inflow increases substantially into company,Strong_Bullish
Company reports exceptional performance in every single financial metric,Strong_Bullish
Company schedules upcoming investor meeting for routine briefing,Neutral
Standard quarterly review of market conduct obligations completed,Neutral
Small decline in forex income affects quarterly earnings mildly,Weak_Bearish
Company faces modest pressure on return on equity target,Weak_Bearish
Loan portfolio grows slightly above industry average rate,Weak_Bullish
Standard notice on updated complaint resolution procedures,Neutral
Routine completion of periodic physical asset verification,Neutral
Gradual increase in institutional investor shareholding noted,Weak_Bullish
Capital adequacy ratio declines marginally from previous quarter,Weak_Bearish
Company achieves modest improvement in environmental compliance standards,Weak_Bullish
Company achieves slight improvement in net interest income quality,Weak_Bullish
Company faces complete loss of public confidence in management,Strong_Bearish
Company makes steady if slow progress on modernization agenda,Weak_Bullish
Management projects exceptional earnings growth for next fiscal year,Strong_Bullish
Revenue shows steady but gradual growth across business segments,Weak_Bullish
Bank declares highest dividend in company history delighting shareholders,Strong_Bullish
Profit margins expand significantly on improved operational efficiency,Strong_Bullish
Company adds small number of new high value deposit customers,Weak_Bullish
Routine NRB inspection of bank operations completed normally,Neutral
Modest growth in digital banking customers adds fee income,Weak_Bullish
Company confirms continuation of existing business partnerships,Neutral
Catastrophic loss of skilled management team threatens operations,Strong_Bearish
Company reports minor shortfall in planned credit disbursement,Weak_Bearish
Company faces immediate action from regulatory authority for violations,Strong_Bearish
Hydropower output at maximum capacity due to ideal water conditions,Strong_Bullish
Major regulator imposes comprehensive business restriction order,Strong_Bearish
Company postpones minor expansion plan citing market uncertainty,Weak_Bearish
Routine end of month accounts reconciliation completed,Neutral
Company wins best bank award demonstrating exceptional performance,Strong_Bullish
Serious allegations of insider trading surface against company directors,Strong_Bearish
Company reports moderate increase in quarterly profit meeting expectations,Weak_Bullish
Company reports slight challenge in growing high yield segments,Weak_Bearish
Company faces immediate withdrawal of all international credit lines,Strong_Bearish
Small but positive movement in company equity book value,Weak_Bullish
Routine clearance received for minor changes to product terms,Neutral
Company signs exclusive partnership with leading multinational firm,Strong_Bullish
Small adverse development in counterparty credit quality noted,Weak_Bearish
Company plans gradual business expansion into adjacent market,Weak_Bullish
Company changes registered office address to new location,Neutral
Standard notice on minor change to account opening process,Neutral
Bank reports record net interest income in quarterly results,Strong_Bullish
Catastrophic impact of policy change completely destroys business model,Strong_Bearish
Revenue shows steady but gradual growth across business segments,Weak_Bullish
Operating expenses rise slightly reducing net income this period,Weak_Bearish
Company achieves minor improvement in operational risk management,Weak_Bullish
Serious systemic failure leads to massive operational disruption,Strong_Bearish
Slight increase in employee benefit costs reduces margins,Weak_Bearish
Company achieves modest growth in mobile banking adoption rate,Weak_Bullish
Major crisis in confidence among all stakeholders threatens operations,Strong_Bearish
Catastrophic impact of climate disaster on company portfolio quality,Strong_Bearish
Management issues cautious guidance for upcoming financial quarter,Weak_Bearish
Major whistleblower allegation exposes massive corporate misconduct,Strong_Bearish
Company faces complete exclusion from government business channels,Strong_Bearish
Company faces small setback in customer service improvement plan,Weak_Bearish
Small increase in insurance commission income noted this quarter,Weak_Bullish
Company confirms scheduled system migration project on track,Neutral
Company faces bankruptcy proceedings and potential asset seizure,Strong_Bearish
Deposit growth slightly outpaces loan growth this quarter,Weak_Bullish
Company confirms no changes to dividend policy at this time,Neutral
Company secures long term power purchase agreement at premium price,Strong_Bullish
Company reports modest if unexciting improvement in core revenue,Weak_Bullish
Company announces emergency rights issue to avoid complete collapse,Strong_Bearish
Company reports slight improvement in branch network productivity,Weak_Bullish
Routine confirmation of proper functioning of all bank systems,Neutral
Credit rating maintained at current level with stable outlook,Weak_Bullish
Company achieves sector leading position through strategic investments,Strong_Bullish
Standard quarterly update on staff strength and deployment,Neutral
Routine dividend payment date announced by company secretary,Neutral
Small reduction in premium income affects insurance earnings,Weak_Bearish
Company expands aggressively into new international markets,Strong_Bullish
Company confirms scheduled board committees met as planned,Neutral
Minor expansion in geographical reach strengthens market position,Weak_Bullish
Company faces criminal investigation over management misconduct,Strong_Bearish
Small decline in equity investment income affects earnings,Weak_Bearish
Serious emergency measures required to prevent complete bank failure,Strong_Bearish
Company confirms unchanged board meeting schedule for quarter,Neutral
Serious systemic risks identified in company by NRB stress test,Strong_Bearish
Stock collapses after discovery of serious balance sheet manipulation,Strong_Bearish
Company management faces serious criminal charges for fraud,Strong_Bearish
Small increase in cross border transaction income boosts profitability,Weak_Bullish
Company publishes routine quarterly report with no major surprises,Neutral
Management issues cautious guidance for upcoming financial quarter,Weak_Bearish
Record customer acquisition rate signals strong competitive position,Strong_Bullish
Market share increases to highest ever level beating all competitors,Strong_Bullish
Slight improvement in regulatory capital metrics noted this quarter,Weak_Bullish
Stock trades below key moving average briefly this week,Weak_Bearish
Company faces immediate emergency recapitalization requirement,Strong_Bearish
Serious allegation of misuse of public deposits by bank management,Strong_Bearish
Company faces complete loss of primary market access for funding,Strong_Bearish
Company achieves minor but positive re-rating from credit agency,Weak_Bullish
Company faces minor challenge in talent retention at senior level,Weak_Bearish
Company reports moderate increase in quarterly profit meeting expectations,Weak_Bullish
Company releases standard update on insurance claim processing,Neutral
Minor improvement in core deposit ratio strengthens funding profile,Weak_Bullish
Marginal increase in return on assets satisfies conservative investors,Weak_Bullish
Minor adverse currency movement affects foreign income streams,Weak_Bearish
Minor deterioration in loan book quality noted in sector review,Weak_Bearish
Company faces complete breakdown of customer confidence in services,Strong_Bearish
Annual return filed with company registrar on time today,Neutral
Normal correspondence between company and regulatory bodies,Neutral
Company receives minor adverse observation from internal audit,Weak_Bearish
Routine confirmation of correspondent banking relationships,Neutral
Company secures major government contract worth several billion rupees,Strong_Bullish
Company completes minor software system upgrade on schedule,Weak_Bullish
Company reports minor decrease in high margin product sales,Weak_Bearish
Slight softening in capital market activity reduces fee income,Weak_Bearish
Standard quarterly consolidated accounts prepared as required,Neutral
Company achieves all key performance indicators ahead of schedule,Strong_Bullish
Board signals need for cost reduction measures in coming quarters,Weak_Bearish
Company achieves slight gain in position in competitive league tables,Weak_Bullish
Net profit collapses by more than seventy percent year on year,Strong_Bearish
Minor adverse weather impacts hydropower output slightly,Weak_Bearish
Slight increase in government securities portfolio income noted,Weak_Bullish
Company forced to shut key operations due to serious legal dispute,Strong_Bearish
Board meeting scheduled for next week to review quarterly accounts,Neutral
Record fee income from investment banking activities boosts profitability,Strong_Bullish
Company faces catastrophic withdrawal of all institutional deposits,Strong_Bearish
Normal processing of cheque clearing continues uninterrupted,Neutral
Annual credit review of loan portfolio completed on schedule,Neutral
Analyst upgrades company rating from hold to modest buy,Weak_Bullish
Company experiences slight delay in debt collection activities,Weak_Bearish
Company reports modest underperformance against key sector peers,Weak_Bearish
Small adverse movement in interest rate environment noted,Weak_Bearish
Board declares interim dividend reflecting exceptional profit performance,Strong_Bullish
Company reports slight decrease in net interest income this period,Weak_Bearish
Stock delisted from main board following serious regulatory breach,Strong_Bearish
Company achieves small gain in asset quality through better underwriting,Weak_Bullish
Company reports slight increase in priority sector lending income,Weak_Bullish
Record breaking financial performance justifies premium market valuation,Strong_Bullish
Annual report shows extraordinary improvement in all performance metrics,Strong_Bullish
Modest increase in investment banking deal flow benefits earnings,Weak_Bullish
Company confirms all loan accounts being serviced normally,Neutral
Massive increase in bad loans threatens very stability of bank,Strong_Bearish
Stock price crashes ninety percent on revelation of massive fraud,Strong_Bearish
Major customer insolvency causes catastrophic impact on company,Strong_Bearish
Minor increase in energy export volumes benefits hydropower companies,Weak_Bullish
Exceptional liquidity position enables aggressive business growth strategy,Strong_Bullish
Company reports highest ever return on equity in its history,Strong_Bullish
Small increase in retail loan demand benefits company outlook mildly,Weak_Bullish
Routine notice regarding upcoming bank holiday operations,Neutral
Routine review of internal policies and procedures completed,Neutral
Stock trades below key moving average briefly this week,Weak_Bearish
Company reports slight challenge in cross-selling success rate,Weak_Bearish
Annual profit crosses all previous benchmarks set by management,Strong_Bullish
Stock gains modestly after quarterly financial report publication,Weak_Bullish
Slight improvement in internal control framework reduces operational risk,Weak_Bullish
Company faces massive redemption pressure from institutional investors,Strong_Bearish
Company achieves highest ever segment profitability across all divisions,Strong_Bullish
Company reports zero exposure to problematic assets this quarter,Strong_Bullish
Regular financial disclosure published as required by regulation,Neutral
Serious and sustained decline in all company performance indicators,Strong_Bearish
Record performance in digital banking drives future growth prospects,Strong_Bullish
Auditors flag serious irregularities in company financial statements,Strong_Bearish
Company management buys additional shares demonstrating strong confidence,Strong_Bullish
Company faces modest challenge meeting all regulatory deadlines,Weak_Bearish
Company makes small strategic hire strengthening management team,Weak_Bullish
Serious cybersecurity breach exposes customer data extensively,Strong_Bearish
Standard quarterly foreign exchange exposure report filed,Neutral
Small reduction in income from money market operations,Weak_Bearish
Minor increase in fee income adds to quarterly profitability,Weak_Bullish
Company reports slight increase in staff attrition rate,Weak_Bearish
Company reports massive loss wiping out entire annual profit,Strong_Bearish
Company confirms minor change to fee structure for services,Neutral
Company issues standard notice on updated KYC requirements,Neutral
Major counterparty defaults causing severe losses to company,Strong_Bearish
Company confirms board approved routine policy amendments,Neutral
Record high return on assets demonstrates exceptional operational efficiency,Strong_Bullish
Routine notice of change to company bank account details,Neutral
Record dividend reinvestment shows strong shareholder confidence,Strong_Bullish
Profit after tax jumps dramatically beating all analyst forecasts,Strong_Bullish
Complete erosion of company net worth through massive provisioning,Strong_Bearish
Exceptional customer retention rate drives sustainable revenue growth,Strong_Bullish
Minor increase in non-performing loans reported in quarterly accounts,Weak_Bearish
Company reports zero default rate on entire loan portfolio,Strong_Bullish
Serious deterioration in company credit quality alarms all stakeholders,Strong_Bearish
Routine confirmation that all branch targets being monitored,Neutral
Net profit increases by more than seventy percent year over year,Strong_Bullish
Complete failure of company contingency planning in crisis situation,Strong_Bearish
Company faces modest challenge in key market segment growth,Weak_Bearish
No material events to report this trading period,Neutral
Company reports modest challenge in achieving growth targets,Weak_Bearish
Bank declares highest dividend in company history delighting shareholders,Strong_Bullish
Minor adverse movement in customer sentiment affects deposits,Weak_Bearish
Minor delay in infrastructure project completion announced,Weak_Bearish
Standard update on company technology refresh program progress,Neutral
Company wins major international recognition bringing large orders,Strong_Bullish
Small adverse development in regulatory capital requirements,Weak_Bearish
Company faces emergency board meeting amid major financial crisis,Strong_Bearish
Annual review of anti-money laundering procedures completed,Neutral
Company confirms scheduled credit committee meeting held today,Neutral
Exceptional management team drives company to new performance heights,Strong_Bullish
Record breaking quarterly profit delivers exceptional shareholder value,Strong_Bullish
Share price hits all time high after outstanding quarterly results,Strong_Bullish
Company maintains existing interest rate on deposit products,Neutral
Company achieves milestone profit crossing ten billion rupees,Strong_Bullish
Company signs small scale partnership agreement with local firm,Weak_Bullish
Revenue per employee reaches record high showing excellent efficiency,Strong_Bullish
Market activity remains average for the stock this week,Neutral
Minor improvement in energy transmission efficiency benefits company,Weak_Bullish
Small growth in securities portfolio income boosts quarterly earnings,Weak_Bullish
Company reports record breaking annual profit surpassing all expectations,Strong_Bullish
Minor adverse development in sector regulation creates uncertainty,Weak_Bearish
Company makes small but positive contribution to sector growth,Weak_Bullish
Company reports slight deterioration in borrower financial health,Weak_Bearish
Company loses biggest contract causing catastrophic revenue loss,Strong_Bearish
Company benefits from slight easing of regulatory requirements,Weak_Bullish
Market response lukewarm to latest financial disclosure,Weak_Bearish
Company reports slight decline in corporate banking activity,Weak_Bearish
Share price crashes to multi year low on serious fraud allegations,Strong_Bearish
Routine completion of Basel III compliance reporting confirmed,Neutral
Company achieves minor improvement in service delivery standards,Weak_Bullish
Serious money laundering allegations surface against bank officials,Strong_Bearish
Company repays minor debt installment reducing interest burden,Weak_Bullish
Company faces modest increase in regulatory compliance costs,Weak_Bearish
Serious organized fraud within company discovered by external auditors,Strong_Bearish
Company confirms all employees have received required training,Neutral
Company reports slight increase in government bond holdings yield,Weak_Bullish
Dividend announced slightly higher than previous year pleasing investors,Weak_Bullish
Company reduces debt significantly improving balance sheet strength,Strong_Bullish
Minor software update completed in company banking system,Neutral
Operating efficiency improves marginally over previous quarter,Weak_Bullish
Exceptional balance sheet strength attracts premium valuation from market,Strong_Bullish
Routine confirmation that dividend warrant payments processed,Neutral
Record interbank lending income reflects strong treasury management,Strong_Bullish
Minor energy price adjustment benefits hydropower sector marginally,Weak_Bullish
Routine notice of public holiday banking arrangements issued,Neutral
Small improvement in working capital cycle benefits cash generation,Weak_Bullish
Company faces minor pressure on deposit mobilization targets,Weak_Bearish
Company achieves small but consistent gains in operational efficiency,Weak_Bullish
Company confirms existing capital structure remains unchanged,Neutral
Operating profit improves slightly on improved revenue mix,Weak_Bullish
Major hydropower plant destroyed by catastrophic natural disaster,Strong_Bearish
Marginal improvement in credit portfolio diversification noted,Weak_Bullish
Standard update on regulatory matters provided to investors,Neutral
Serious violation of anti-money laundering laws threatens license,Strong_Bearish
Company reports minor shortfall against capital deployment targets,Weak_Bearish
Standard compliance report on interest rate risk management,Neutral
Record loan sanctioning in single quarter reflects strong demand,Strong_Bullish
Routine continuation of all existing business activities today,Neutral
Slight decrease in operating cash flow compared to last year,Weak_Bearish
Annual compliance certificate submitted to stock exchange today,Neutral
Company faces emergency capital call after massive unexpected loss,Strong_Bearish
Board approves record cash dividend payout to shareholders,Strong_Bullish
Large institutional investors increase holdings sharply showing confidence,Strong_Bullish
Routine staff training program completed by company,Neutral
Standard quarterly review of market risk positions completed,Neutral
Export revenue grows exponentially opening new revenue streams,Strong_Bullish
Company confirms unchanged structure of management committees,Neutral
No major announcement made by company today,Neutral
Small improvement in cash management practices reduces idle funds,Weak_Bullish
Standard nomination committee proceedings concluded today,Neutral
Company faces small challenge in delivering planned cost savings,Weak_Bearish
Company makes minor but strategic addition to infrastructure portfolio,Weak_Bullish
Small adverse movement in commodity prices affects margins,Weak_Bearish
Company holds annual general meeting with routine agenda items,Neutral
Exceptional performance across all segments drives record results,Strong_Bullish
Standard update on progress against annual operating plan,Neutral
Routine completion of annual fire safety drill at all offices,Neutral
Routine review of fund transfer pricing methodology completed,Neutral
Small decline in treasury bond portfolio income noted,Weak_Bearish
Company debt free status achieved boosting investor confidence greatly,Strong_Bullish
Serious allegations of document forgery surface in company investigation,Strong_Bearish
Slight decline in branch profitability metrics noted this period,Weak_Bearish
Major earthquake destroys company headquarters and key infrastructure,Strong_Bearish
Company reports highest ever quarterly revenue in its operating history,Strong_Bullish
Minor gain from investment revaluation boosts quarterly results slightly,Weak_Bullish
Company announces minor change to branch working hours,Neutral
Catastrophic decline in asset quality threatens company survival,Strong_Bearish
Company unable to pay dividend due to critical capital shortage,Strong_Bearish
Record profit per branch demonstrates exceptional operational efficiency,Strong_Bullish
Return on equity declines marginally from previous quarter level,Weak_Bearish
Company reports minor but positive movement in key ratios,Weak_Bullish
Slight adverse news from regulatory body creates uncertainty,Weak_Bearish
Routine appointment of compliance officer completed today,Neutral
Major natural disaster completely disrupts company field operations,Strong_Bearish
Company achieves small but meaningful improvement in service quality,Weak_Bullish
Company wins landmark dispute resolution in its favor,Strong_Bullish
Company completes massive infrastructure project on time and budget,Strong_Bullish
Credit rating agency downgrades company to deeply distressed status,Strong_Bearish
Dividend announced slightly higher than previous year pleasing investors,Weak_Bullish
Complete failure to attract investors in rights issue signals distress,Strong_Bearish
Depositors queue to withdraw funds amid bank run fears,Strong_Bearish
Standard operational update issued by management today,Neutral
Stock trades within normal daily range without significant movement,Neutral
Company expands product range with minor new service offering,Weak_Bullish
Small increase in insurance penetration boosts sector broadly,Weak_Bullish
General shareholder notice released regarding upcoming meeting,Neutral
Exceptional project execution capability attracts major new contracts,Strong_Bullish
Company reports minor improvement in asset liability matching,Weak_Bullish
Company secures minor but strategic new business relationship,Weak_Bullish
Slight weakening in balance sheet ratios noted by analysts,Weak_Bearish
Company faces mild headwinds from slowing economic conditions,Weak_Bearish
Small improvement in branch operational efficiency noted companywide,Weak_Bullish
Exceptional cost management drives profit margins to record levels,Strong_Bullish
Small delay in regulatory approval creates temporary uncertainty,Weak_Bearish
Company unable to meet debt repayment obligations on due date,Strong_Bearish
Major unexpected liability exposes company to existential financial risk,Strong_Bearish
Company faces mild market share loss in secondary segment,Weak_Bearish
Company faces minor regulatory review of specific practice,Weak_Bearish
Board recommends modest dividend at previous year levels,Weak_Bullish
Small increase in commission income from agency operations noted,Weak_Bullish
Historic profit announcement triggers massive buying across all segments,Strong_Bullish
Company faces massive class action lawsuit from aggrieved customers,Strong_Bearish
Catastrophic decline in electricity generation causes massive losses,Strong_Bearish
Major foreign institutional investor acquires significant company stake,Strong_Bullish
Company faces mild pressure on pricing from market competitors,Weak_Bearish
Major regulatory sanction prevents company from conducting core activities,Strong_Bearish
Company updates corporate governance report as required by regulation,Neutral
Company makes minor advance in regulatory relationship management,Weak_Bullish
Company successfully completes major balance sheet restructuring,Strong_Bullish
Company updates standard product information documents,Neutral
Net profit collapses by more than seventy percent year on year,Strong_Bearish
Catastrophic operational failure causes massive reputational damage,Strong_Bearish
Company secretary changes notified to stock exchange today,Neutral
Serious and credible allegations of massive financial fraud surface,Strong_Bearish
Company faces modest pressure maintaining existing market share,Weak_Bearish
Company maintains steady growth trajectory despite challenging conditions,Weak_Bullish
Serious systemic failure in risk management exposed by regulator,Strong_Bearish
Positive outlook announced cautiously for upcoming fiscal year,Weak_Bullish
Major shareholder crisis causes complete paralysis of company decisions,Strong_Bearish
Company successfully completes major plant upgrade doubling capacity,Strong_Bullish
Serious foreign exchange scandal rocks entire banking sector,Strong_Bearish
Company faces complete suspension of all interbank credit lines,Strong_Bearish
Record profit remittance to promoters demonstrates exceptional performance,Strong_Bullish
Hydropower plant achieves full generation capacity ahead of schedule,Strong_Bullish
Company faces unprecedented withdrawal of all government deposits,Strong_Bearish
Central bank imposes heavy penalty on bank for regulatory violations,Strong_Bearish
Company reports unprecedented growth in digital transaction volumes,Strong_Bullish
Company opens strategic new branch in high growth market region,Strong_Bullish
Standard remuneration committee report published today,Neutral
Company faces complete and sudden loss of majority shareholder support,Strong_Bearish
Company benefits massively from favorable commodity price movements,Strong_Bullish
Company reports slight increase in high quality loan originations,Weak_Bullish
Company wins prestigious award for best financial performance,Strong_Bullish
Company completes record rights issue demonstrating strong market support,Strong_Bullish
Minor increase in renewable energy demand benefits hydro companies,Weak_Bullish
Company reports slight improvement in risk adjusted return on capital,Weak_Bullish
Major political intervention threatens entire business operations,Strong_Bearish
Gradual recovery in loan demand improves company outlook mildly,Weak_Bullish
Company announces major capacity addition to meet growing demand,Strong_Bullish
Company revenue surges on back of high energy demand nationally,Strong_Bullish
Standard quarterly update on provisions and write-offs filed,Neutral
Record customer deposits growth strengthens bank funding base,Strong_Bullish
Company achieves small but consistent progress in digital adoption,Weak_Bullish
Company confirms all directors have filed required disclosures,Neutral
Credit rating agency downgrades company to deeply distressed status,Strong_Bearish
Company faces forced merger after failing all regulatory tests,Strong_Bearish
Small but meaningful improvement in capital allocation efficiency noted,Weak_Bullish
Stock trades within normal daily range without significant movement,Neutral
Company reduces operating costs slightly through efficiency measures,Weak_Bullish
Regulator places company under enhanced supervision after violations,Strong_Bearish
Record profits enable company to strengthen capital adequacy ratio,Strong_Bullish
Minor improvement in employee satisfaction drives service quality up,Weak_Bullish
Company reports slight decline in quarterly earnings disappointing market,Weak_Bearish
Serious legal action by government threatens company existence,Strong_Bearish
Company confirms no regulatory sanctions received this period,Neutral
Company confirms no change in premium pricing structure,Neutral
Record international remittance volumes boost bank profitability strongly,Strong_Bullish
Serious tax evasion investigation launched against company directors,Strong_Bearish
Company reports highest ever contribution to government tax revenue,Strong_Bullish
Company confirms timely submission of all statutory returns,Neutral
Company reports slight increase in forex transaction volumes,Weak_Bullish
Institutional investors show small increase in company holdings,Weak_Bullish
Exceptional results in both funded and non-funded income categories,Strong_Bullish
Routine update on minor changes to operational risk framework,Neutral
Company reports modest underperformance in retail lending,Weak_Bearish
Stock hits lower circuit breaker limit after catastrophic results,Strong_Bearish
Small but steady improvement in customer retention rate noted,Weak_Bullish
Bank faces serious liquidity crisis attracting regulatory intervention,Strong_Bearish
Seasonal weakness impacts quarterly results mildly this period,Weak_Bearish
Major institutional investors exit stock in very large volumes,Strong_Bearish
Company confirms no unresolved complaints from customers,Neutral
Company confirms no change in credit rating this period,Neutral
Company reports modest underperformance in wealth management,Weak_Bearish
Standard quarterly review of subsidiary company performance,Neutral
Routine update on implementation of banking technology project,Neutral
Company makes small but positive impact through new product launch,Weak_Bullish
Minor expansion project approved by management board recently,Weak_Bullish
Catastrophic collapse in demand destroys company revenue model,Strong_Bearish
Dividend remains unchanged despite weak quarterly financial result,Weak_Bearish
Company faces minor difficulties in planned merger process,Weak_Bearish
Standard quarterly report on operational risk events filed,Neutral
Small increase in CASA ratio improves company funding cost,Weak_Bullish
Company announces successful pilot of transformational new technology,Strong_Bullish
Serious director level fraud causes complete loss of investor confidence,Strong_Bearish
Company selected for prestigious government divestment program,Strong_Bullish
Company publishes corporate social responsibility activities report,Neutral
Small reduction in loan processing time improves customer experience,Weak_Bullish
Normal operations continue at all regional offices today,Neutral
Slight softening in interbank market activity affects income,Weak_Bearish
Standard review of fraud prevention systems completed today,Neutral
Company confirms ongoing service quality improvement programs,Neutral
Complete collapse of company bond prices signals serious distress,Strong_Bearish
Catastrophic performance in stress test raises serious solvency doubts,Strong_Bearish
Exceptional dividend payout ratio reflects strong cash generation capacity,Strong_Bullish
Company reports slight miss on loan growth target this quarter,Weak_Bearish
Minor but consistent improvement in branch profitability metrics noted,Weak_Bullish
Slight improvement in deposit mix reduces overall funding cost,Weak_Bullish
Complete breakdown of company internal controls discovered in audit,Strong_Bearish
Company achieves modest improvement in technology infrastructure,Weak_Bullish
Standard filing of quarterly return with stock exchange today,Neutral
Modest increase in cross selling activity boosts fee income,Weak_Bullish
Small reduction in insurance renewals noted this quarter,Weak_Bearish
Company successfully implements minor process improvement initiative,Weak_Bullish
Company reports slight decline in quarterly earnings disappointing market,Weak_Bearish
Serious internal investigation reveals massive unauthorized transactions,Strong_Bearish
Company confirms normal servicing of all outstanding bonds,Neutral
Company wins landmark court case protecting major business interests,Strong_Bullish
Company confirms no change in existing management incentive plan,Neutral
Company benefits significantly from favorable regulatory environment,Strong_Bullish
Minor increase in ATM transaction volumes boosts ancillary income,Weak_Bullish
Company updates its website with routine information changes,Neutral
Net profit increases by more than seventy percent year over year,Strong_Bullish
Company faces minor challenge in maintaining pricing power,Weak_Bearish
Minor tariff revision approved allowing modest revenue increase,Weak_Bullish
Company successfully completes minor capacity addition on schedule,Weak_Bullish
Stock suspended from trading after serious governance failure,Strong_Bearish
Record number of corporate customers acquired in single financial year,Strong_Bullish
Company publishes routine quarterly report with no major surprises,Neutral
Company confirms existing correspondent banking network intact,Neutral
Record quarterly profit declared alongside increased dividend proposal,Strong_Bullish
Small reduction in asset utilization rate noted recently,Weak_Bearish
Dividend remains unchanged despite weak quarterly financial result,Weak_Bearish
Stock hits lower circuit breaker limit after catastrophic results,Strong_Bearish
Small softening in demand for company financial products,Weak_Bearish
Slight softening in demand for structured finance products,Weak_Bearish
Small increase in syndicated loan participation improves income,Weak_Bullish
Company successfully hedges against currency risk protecting margins,Strong_Bullish
Serious concerns about company viability expressed by regulators publicly,Strong_Bearish
Routine changes to minor operating procedures announced,Neutral
Company experiences minor service disruption affecting customers,Weak_Bearish
New expansion project expected to more than double company revenue,Strong_Bullish
Company issues routine notice to employees on HR matters,Neutral
Company fails to meet minimum capital adequacy requirement,Strong_Bearish
Serious breach of fiduciary duty by management exposed in audit,Strong_Bearish
Standard shareholder circular dispatched for information only,Neutral
Company faces modest challenge in cost containment program,Weak_Bearish
Routine submission of statistical returns to central bank,Neutral
Company reports slight growth in trade finance business,Weak_Bullish
Company reports slight but consistent reduction in borrowing costs,Weak_Bullish
Company achieves record net profit margin of twenty five percent,Strong_Bullish
Company confirms continuation of standard operating procedures,Neutral
Slight improvement in credit limit utilization rate benefits income,Weak_Bullish
Standard quarterly report on liquidity management completed,Neutral
Company enters high value government infrastructure contract,Strong_Bullish
Routine renewal of business operating license completed,Neutral
Major fraud scheme involving senior management discovered by auditors,Strong_Bearish
Company reports slight challenge in maintaining credit standards,Weak_Bearish
Minor increase in credit costs reduces quarterly profitability,Weak_Bearish
Record remittance backed deposits boost bank balance sheet strength,Strong_Bullish
Slight improvement in energy sector regulations benefits hydro companies,Weak_Bullish
Strong quarterly performance drives unprecedented investor confidence,Strong_Bullish
Slight increase in loan restructuring activity noted recently,Weak_Bearish
Record net worth achieved strengthening company capital adequacy,Strong_Bullish
Routine system backup and maintenance completed as planned,Neutral
Minor administrative changes announced by company management,Neutral
Foreign investors withdraw all funds amid serious corruption probe,Strong_Bearish
Company reports steady if unspectacular improvement in core metrics,Weak_Bullish
Company reports modest but consistent growth across all business lines,Weak_Bullish
Routine foreign exchange position reporting filed with NRB,Neutral
Company maintains stable earnings outlook for coming quarters,Weak_Bullish
Non performing loan ratio decreases marginally from previous quarter,Weak_Bullish
Annual renewal of all regulatory licenses completed on time,Neutral
Company appointed as sole distributor for major international brand,Strong_Bullish
Small improvement in documentation quality reduces operational risk,Weak_Bullish
Company receives upgrade to investment grade credit rating,Strong_Bullish
Widespread employee fraud discovered in company operations,Strong_Bearish
Stock suspended from trading after serious governance failure,Strong_Bearish
Company faces complete inability to service its existing debt obligations,Strong_Bearish
Board approves routine budget for administrative expenses,Neutral
Company reports minor but positive change in profit quality mix,Weak_Bullish
Company achieves record high market capitalization for first time,Strong_Bullish
Major shareholder files serious legal action against management,Strong_Bearish
Company releases standard press notice on operational activities,Neutral
Company reports extraordinary improvement in asset quality metrics,Strong_Bullish
Major political crisis causes catastrophic disruption to business,Strong_Bearish
Company faces emergency liquidity support request from central bank,Strong_Bearish
Company faces minor challenge meeting certain regulatory requirements,Weak_Bearish
Company reports slight miss on planned revenue targets,Weak_Bearish
Slight reduction in current account balances noted recently,Weak_Bearish
Huge infrastructure project award transforms company revenue outlook,Strong_Bullish
Catastrophic infrastructure failure causes severe production losses,Strong_Bearish
Company reports modest underperformance against peer group metrics,Weak_Bearish
Company reports minor improvement in staff productivity this quarter,Weak_Bullish
Company reports marginal drop in customer deposit growth,Weak_Bearish
Serious allegations of market manipulation by company traders,Strong_Bearish
Modest easing of inflationary pressures benefits company margins,Weak_Bullish
Record number of new customer accounts opened this quarter,Strong_Bullish
Company achieves highest ever productivity metrics in annual review,Strong_Bullish
Annual shareholders meeting agenda published for information,Neutral
Company stock selected for inclusion in prestigious market index,Strong_Bullish
Company confirms normal functioning of treasury operations today,Neutral
Board announces exceptional special dividend due to surplus profits,Strong_Bullish
Record high customer satisfaction score drives strong repeat business,Strong_Bullish
Slight adverse change in credit mix reduces margin quality,Weak_Bearish
Catastrophic failure of company to meet all regulatory obligations,Strong_Bearish
Profit margins shrink modestly due to rising operational expenses,Weak_Bearish
Routine risk management framework review completed successfully,Neutral
Company publishes updated list of authorized signatories,Neutral
Stock dips slightly after mixed financial results announcement,Weak_Bearish
Company reports gradual improvement in staff productivity metrics,Weak_Bullish
Exceptional operational leverage drives profit growth well above revenue,Strong_Bullish
Gradual improvement in market penetration metrics pleases management,Weak_Bullish
Company defaults on major debt obligation alarming all investors,Strong_Bearish
Company posts best ever quarterly results in its entire history,Strong_Bullish
Small reduction in staff turnover improves operational efficiency,Weak_Bullish
Minor increase in operating risk incidents noted this quarter,Weak_Bearish
Catastrophic revelation of hidden liabilities shocks entire market,Strong_Bearish
Record dividend yield attracts significant retail investor interest,Strong_Bullish
Company reports massive increase in non-performing loan portfolio,Strong_Bearish
Company faces minor setback in planned international expansion,Weak_Bearish
Company loses biggest contract causing catastrophic revenue loss,Strong_Bearish
Minor administrative changes announced by company management,Neutral
Company performance meets conservative analyst expectations this quarter,Weak_Bullish
Minor expansion in product suite attracts new customer segments,Weak_Bullish
Earnings improve slightly on year over year comparison basis,Weak_Bullish
Company reports slight improvement in infrastructure project timeline,Weak_Bullish
Company makes minor progress on long term strategic priorities,Weak_Bullish
Serious vulnerability in company systems causes massive data breach,Strong_Bearish
Regulator places company under enhanced supervision after violations,Strong_Bearish
Profit surges dramatically due to exceptional loan recovery performance,Strong_Bullish
Strong foreign exchange earnings boost company financial performance,Strong_Bullish
Serious financial crime allegations surface involving company executives,Strong_Bearish
Company achieves breakthrough in cost reduction improving competitiveness,Strong_Bullish
Company reports lowest ever cost to income ratio in its history,Strong_Bullish
Company achieves modest but meaningful progress on strategic plan,Weak_Bullish
Regulatory authority suspends company operations temporarily,Strong_Bearish
Company announces major bonus shares rewarding loyal investors,Strong_Bullish
Serious accounting fraud discovered causing panic selling of shares,Strong_Bearish
Small improvement in collection ratio strengthens cash position,Weak_Bullish
Standard update on status of pending minor regulatory approvals,Neutral
Company faces modest challenge maintaining target liquidity ratios,Weak_Bearish
Loan recovery rate slightly below management expectations recently,Weak_Bearish
Modest improvement in collection efficiency reduces credit costs,Weak_Bullish
Company reports marginal but positive change in business momentum,Weak_Bullish
Company reports extreme stress in funding and liquidity position,Strong_Bearish
Company reports minor setback in planned product launch timeline,Weak_Bearish
Minor improvement in loan to deposit ratio strengthens bank position,Weak_Bullish
Slight softening in retail banking fee income noted recently,Weak_Bearish
Net interest margin compressed slightly due to rate environment,Weak_Bearish
Company confirms all statutory payments made on due dates,Neutral
Slight increase in problem loans requires additional provisioning,Weak_Bearish
Standard notice of minor change to card product terms,Neutral
Company reports best ever net interest margin in quarterly report,Strong_Bullish
Record profit announcement leads to massive rally in company shares,Strong_Bullish
Company confirms no change in existing hedging arrangements,Neutral
Company faces complete collapse of business model from competition,Strong_Bearish
Revenue growth accelerates strongly across all business segments,Strong_Bullish
Strong loan recovery drives provision writeback boosting profitability,Strong_Bullish
Major unexpected payment default triggers cross default on all loans,Strong_Bearish
Company confirms ongoing operations at all branch locations,Neutral
Minor uptick in demand for company financial products noted,Weak_Bullish
Company earns record interest income from expanded loan portfolio,Strong_Bullish
Company reports complete failure to recover significant loan portfolio,Strong_Bearish
Complete failure of company strategic plan damages investor confidence,Strong_Bearish
Company renews existing contract at slightly improved terms,Weak_Bullish
Company reports slight increase in stressed loan accounts,Weak_Bearish
Profit rises slightly compared to same period in previous year,Weak_Bullish
Modest growth in card transactions boosts fee income slightly,Weak_Bullish
Complete collapse of company market price in single trading session,Strong_Bearish
Routine notice on upcoming core banking system maintenance,Neutral
Routine notice informing shareholders of record date details,Neutral
Company reports catastrophic decline in all key financial metrics,Strong_Bearish
Bank faces serious liquidity crisis attracting regulatory intervention,Strong_Bearish
Company receives significant government grant for expansion project,Strong_Bullish
Stock recommended as strong buy by leading investment analysts,Strong_Bullish
Investor confidence weakens mildly after routine financial report,Weak_Bearish
Company holds annual general meeting with routine agenda items,Neutral
Company receives show cause notice for potential license cancellation,Strong_Bearish
Standard quarterly update on regulatory capital position shared,Neutral
Company reports record low operating cost per unit of production,Strong_Bullish
No significant financial change reported in interim disclosure,Neutral
Company makes small strategic investment in technology upgrade,Weak_Bullish
Company faces modest shortfall in fund mobilization targets,Weak_Bearish
Stock underperforms sector average during trading week,Weak_Bearish
Small increase in loan write-offs reduces quarterly earnings,Weak_Bearish
Strongest ever annual results demonstrate quality of company franchise,Strong_Bullish
Quarterly profit growth rate highest in entire listed company history,Strong_Bullish
Routine renewal of professional indemnity insurance coverage,Neutral
Catastrophic impact of economic crisis on company balance sheet,Strong_Bearish
Regulatory authority suspends company operations temporarily,Strong_Bearish
Profit margins shrink modestly due to rising operational expenses,Weak_Bearish
Routine update on progress of ongoing minor capital projects,Neutral
Company issues routine clarification on shareholding structure,Neutral
Company faces complete loss of major customer base overnight,Strong_Bearish
Minor reduction in energy output affects hydropower earnings,Weak_Bearish
Strong economic growth boosts demand for company products dramatically,Strong_Bullish
Gradual improvement in corporate governance practices noted,Weak_Bullish
Company faces minor operational disruption at key location,Weak_Bearish
Company confirms all regulatory reporting deadlines met on time,Neutral
Board meeting scheduled for next week to review quarterly accounts,Neutral
Company management removed for gross mismanagement of funds,Strong_Bearish
Company adds few new branches in secondary market areas,Weak_Bullish
Modest increase in trade volumes benefits banking sector broadly,Weak_Bullish
Minor reduction in market risk income affects quarterly results,Weak_Bearish
Exceptional shareholder returns delivered over consecutive five year period,Strong_Bullish
Standard update on information technology systems progress,Neutral
Routine meeting of assets and liabilities committee conducted,Neutral
Serious deterioration in macroeconomic conditions destroys company value,Strong_Bearish
Company reports slight increase in interest income from investments,Weak_Bullish
Company confirms board composition meets all regulatory requirements,Neutral
Company reports massive increase in non-performing loan portfolio,Strong_Bearish
Stock price increases marginally after positive financial report release,Weak_Bullish
Quarterly earnings exceed market expectations by more than fifty percent,Strong_Bullish
Company faces emergency directive to increase provisions immediately,Strong_Bearish
Record breaking annual general meeting attendance reflects investor confidence,Strong_Bullish
Company reports slight increase in unplanned maintenance costs,Weak_Bearish
Company faces emergency recapitalization after massive unexpected loss,Strong_Bearish
Board signals cautious optimism for performance in next quarter,Weak_Bullish
Annual general meeting minutes published for shareholder information,Neutral
Company faces modest challenge in maintaining existing margins,Weak_Bearish
Company faces modest difficulty in planned asset disposal,Weak_Bearish
Exceptional discipline in cost management protects margins effectively,Strong_Bullish
Company reports minor improvement in net interest income,Weak_Bullish
Company unable to pay dividend due to critical capital shortage,Strong_Bearish
Market reacts with strong buying to outstanding financial report,Strong_Bullish
Standard quarterly review of insurance product portfolio done,Neutral
Company faces minor competitive loss in specific market segment,Weak_Bearish
Company benefits from massive government infrastructure spending,Strong_Bullish
Serious accounting fraud discovered causing panic selling of shares,Strong_Bearish
Routine review of credit policy parameters completed as planned,Neutral
Routine change to bank charges for selected transactions,Neutral
Company achieves international certification for business excellence,Strong_Bullish
Minor increase in return on equity pleases long term investors,Weak_Bullish
Catastrophic decline in company credit rating affects all operations,Strong_Bearish
Company reports slight decline in loan origination quality,Weak_Bearish
Company achieves all strategic milestones set in five year plan,Strong_Bullish
Company fails to meet minimum capital adequacy requirement,Strong_Bearish
Company achieves historic milestone of one million customer base,Strong_Bullish
Company faces complete and sudden loss of operational banking license,Strong_Bearish
Massive increase in bad loans threatens very stability of bank,Strong_Bearish
Company reports slight delay in planned capacity addition,Weak_Bearish
Catastrophic loss provisions wipe out entire equity capital of company,Strong_Bearish
Company reports steady improvement in branch level productivity,Weak_Bullish
Record high trading volumes reflect strong investor confidence in company,Strong_Bullish
Slight improvement in credit appraisal quality reduces future risk,Weak_Bullish
Company confirms routine compliance update submitted to regulator,Neutral
New hydropower capacity addition expected to boost earnings significantly,Strong_Bullish
Landmark debt restructuring reduces interest cost boosting profitability,Strong_Bullish
Company experiences minor challenge in digital adoption targets,Weak_Bearish
Company reports minor challenge in attracting quality loan accounts,Weak_Bearish
Company reports slight slippage in branch expansion timeline,Weak_Bearish
Company successfully launches new high margin product line,Strong_Bullish
Company confirms scheduled meeting with lead auditors today,Neutral
Company files annual report with regulator on scheduled date,Neutral
Company faces minor setback in planned technology deployment,Weak_Bearish
Company reports small but meaningful improvement in risk management,Weak_Bullish
Company confirms continuation of existing business strategy,Neutral
Small increase in overhead costs reduces profitability marginally,Weak_Bearish
Company faces complete collapse of planned capital raise in market,Strong_Bearish
Board unanimously approves ambitious capital expenditure plan for growth,Strong_Bullish
Quarterly earnings exceed market expectations by more than fifty percent,Strong_Bullish
Stock shows sideways movement in normal market conditions,Neutral
Company reports modest underperformance in digital banking,Weak_Bearish
Company maintains dividend at stable level satisfying investors,Weak_Bullish
Standard quarterly treasury operations review completed,Neutral
Routine filing of prudential returns with banking regulator,Neutral
Routine confirmation of continuation of dividend reinvestment plan,Neutral
Annual results confirm company as most profitable in entire sector,Strong_Bullish
Company reports slight challenge in accelerating digital revenues,Weak_Bearish
Stock shows consistent but slow upward movement over time,Weak_Bullish
Company faces minor difficulty in maintaining planned growth rate,Weak_Bearish
Company reports minor challenge maintaining asset quality targets,Weak_Bearish
Gradual strengthening of capital buffer pleases regulatory authorities,Weak_Bullish
Small increase in insurance premium income boosts profitability,Weak_Bullish
Routine confirmation of board approved risk appetite statement,Neutral
Slight softening in transaction volumes in key segment noted,Weak_Bearish
Company achieves modest improvement in customer engagement metrics,Weak_Bullish
Company faces immediate demands for loan repayment from all creditors,Strong_Bearish
Company completes successful digital transformation boosting efficiency,Strong_Bullish
Serious allegations of financial misrepresentation in company accounts,Strong_Bearish
Bumper harvest season drives record profits for agri linked companies,Strong_Bullish
Minor shortfall in fee income targets reduces profitability,Weak_Bearish
Minor operational inefficiency identified in branch audit,Weak_Bearish
Profit before tax exceeds all previous annual records convincingly,Strong_Bullish
Large institutional investors increase holdings sharply showing confidence,Strong_Bullish
Company reports massive loss wiping out entire annual profit,Strong_Bearish
Small reduction in income from advisory activities noted,Weak_Bearish
Hydropower output slightly above last year due to good rainfall,Weak_Bullish
Company confirms no material related party transactions this quarter,Neutral
Revenue growth slows compared to previous quarter performance,Weak_Bearish
Loan growth exceeds target boosting bank profitability significantly,Strong_Bullish
Company makes minor but positive progress in cost optimization drive,Weak_Bullish
Company faces winding up petition from major creditor in court,Strong_Bearish
Company reports small improvement in capital adequacy ratio,Weak_Bullish
Small reduction in provision charges improves bottom line,Weak_Bullish
Annual dividend declared significantly above analyst consensus expectations,Strong_Bullish
Routine capital adequacy calculations confirm compliance maintained,Neutral
Routine review of balance sheet management strategy completed,Neutral
Standard audit committee findings disclosed as required,Neutral
Company faces massive fine for anti-competitive business practices,Strong_Bearish
Share price crashes to multi year low on serious fraud allegations,Strong_Bearish
Company faces modest shortfall against strategic plan milestones,Weak_Bearish
Regulator revokes authorization for key company business activities,Strong_Bearish
Small improvement in account receivables collection noted this quarter,Weak_Bullish
Minor adverse development in economic sector outlook noted,Weak_Bearish
Market sentiment improves gradually as economic conditions stabilize,Weak_Bullish
Small reduction in high quality deposit base noted,Weak_Bearish
Company faces complete breakdown of all key banking relationships,Strong_Bearish
Revenue growth slows compared to previous quarter performance,Weak_Bearish
Major fire destroys critical company infrastructure causing severe loss,Strong_Bearish
Normal seasonal trends reflected in routine operational data,Neutral
Company reports mild deterioration in asset quality metrics,Weak_Bearish
Normal flow of institutional remittances processed today,Neutral
Company management flees country amid massive financial scandal,Strong_Bearish
Company announces major international partnership expanding service range,Strong_Bullish
Standard notice on upcoming routine shareholder communication,Neutral
Company confirms scheduled maintenance of ATM network,Neutral
Company experiences minor difficulty in completing asset disposal,Weak_Bearish
Record deposits mobilized in single quarter strengthens funding position,Strong_Bullish
Company posts record profit in most challenging economic environment,Strong_Bullish
Company confirms scheduled investor relations activities ongoing,Neutral
Record number of branches opened expanding company reach nationwide,Strong_Bullish
Company confirms existing staff remuneration structure maintained,Neutral
Company reports minor shortfall in expected yield improvements,Weak_Bearish
Company achieves major operational milestone ahead of target date,Strong_Bullish
Serious criminal investigation launched against multiple directors,Strong_Bearish
Company faces complete withdrawal of correspondent banking facilities,Strong_Bearish
Company achieves slightly better than expected loan recovery,Weak_Bullish
Company completes rights issue at premium demonstrating market confidence,Strong_Bullish
Minor increase in treasury income contributes to quarterly profit,Weak_Bullish
Company achieves minor milestone in digital transformation journey,Weak_Bullish
Slight easing of credit conditions benefits overall business outlook,Weak_Bullish
Auditors flag serious irregularities in company financial statements,Strong_Bearish
Stock surges to new high after excellent performance announcement,Strong_Bullish
Company confirms all compliance officers duly appointed,Neutral
Slight increase in infrastructure project pipeline benefits sector,Weak_Bullish
Market response lukewarm to latest financial disclosure,Weak_Bearish
Company reports record breaking annual profit surpassing all expectations,Strong_Bullish
Standard quarterly filing of financial statements with exchange,Neutral
Company confirms no disruption to business from minor incident,Neutral
Company delivers landmark performance that redefines sector benchmarks,Strong_Bullish
Earnings per share decline slightly from previous year level,Weak_Bearish
Company achieves minor reduction in geographic revenue concentration,Weak_Bullish
Regulator orders emergency audit after serious complaints received,Strong_Bearish
Major institutional investors exit stock in very large volumes,Strong_Bearish
Serious long running fraud scheme discovered in company treasury,Strong_Bearish
Loan growth slows slightly in current fiscal period,Weak_Bearish
Widespread employee fraud discovered in company operations,Strong_Bearish
Small reduction in administrative expenses improves profitability,Weak_Bullish
Minor forex loss reduces quarterly profit slightly this time,Weak_Bearish
Company announces transformational merger creating dominant market leader,Strong_Bullish
Standard notice of upcoming routine stress testing exercise,Neutral
Exceptional performance across retail corporate and treasury divisions,Strong_Bullish
Slight reduction in high quality liquid assets ratio noted,Weak_Bearish
Company publishes standard report on sustainable banking,Neutral
Company faces complete and immediate withdrawal of operating licenses,Strong_Bearish
Slight adverse change in risk profile of key customer segment,Weak_Bearish
Company faces small competitive pressure in core banking market,Weak_Bearish
Company secures major government contract worth several billion rupees,Strong_Bullish
Serious shareholder dispute threatens complete breakdown of governance,Strong_Bearish
Company management confidence shown through substantial share purchases,Strong_Bullish
Company publishes updated terms and conditions for products,Neutral
Major operational failure causes massive customer compensation claims,Strong_Bearish
Company faces massive fine for anti-competitive business practices,Strong_Bearish
Major revelation of fictitious assets in company accounts surfaces,Strong_Bearish
Slight weakening in loan demand impacts growth projections mildly,Weak_Bearish
Minor increase in non-performing loans reported in quarterly accounts,Weak_Bearish
Major regulatory enforcement action threatens company business model,Strong_Bearish
Slight softening in project finance demand affects earnings,Weak_Bearish
Catastrophic and sudden change in regulation destroys revenue stream,Strong_Bearish
Small increase in delinquency rate noticed in retail portfolio,Weak_Bearish
Company announces highly anticipated new product that exceeds expectations,Strong_Bullish
Minor shortfall in expected recoveries from written off accounts,Weak_Bearish
Major shareholder files serious legal action against management,Strong_Bearish
Strategic merger expected to dramatically boost future earnings,Strong_Bullish
Routine quarterly profit and loss review completed internally,Neutral
Modest improvement in asset quality metrics noted this quarter,Weak_Bullish
Routine completion of periodic review of loan loss provisions,Neutral
Standard review of insurance coverage completed as planned,Neutral
Major regulatory body imposes most severe sanctions ever on company,Strong_Bearish
Company makes minor but meaningful progress on automation agenda,Weak_Bullish
Company reports small but consistent growth in fee income streams,Weak_Bullish
Company reports strongest ever cash flow from operations this year,Strong_Bullish
Company postpones minor expansion plan citing market uncertainty,Weak_Bearish
Catastrophic liquidity event forces emergency sale of company assets,Strong_Bearish
Minor reduction in asset yield reduces net interest margin,Weak_Bearish
Board of directors resigns amid major financial scandal exposure,Strong_Bearish
Company faces complete collapse of all key operational metrics,Strong_Bearish
Operating leverage turns slightly negative for first time recently,Weak_Bearish
Record growth in trade finance business strengthens corporate banking,Strong_Bullish
Company delivers exceptional value to shareholders through buyback program,Strong_Bullish
Hydropower project commissioned months ahead of planned schedule,Strong_Bullish
Company reports minor shortfall in expected asset quality gains,Weak_Bearish
Company wins most coveted industry award for financial excellence,Strong_Bullish
Routine branch network review meeting completed as scheduled,Neutral
Company confirms completion of standard internal audit cycle,Neutral
Company wins approval for high value new business from regulator,Strong_Bullish
Company reports catastrophic exposure to single large borrower default,Strong_Bearish
Company faces immediate mandatory capital infusion requirement,Strong_Bearish
Stock price remains unchanged during trading session today,Neutral
Regulatory filing submitted to securities board on schedule,Neutral
Company releases standard quarterly investor update document,Neutral
Company updates corporate governance report as required by regulation,Neutral
Minor adverse development in energy sector policy noted,Weak_Bearish
Small improvement in working capital management reduces costs,Weak_Bullish
Routine confirmation of successful system disaster recovery test,Neutral
Company faces bankruptcy proceedings and potential asset seizure,Strong_Bearish
Small reduction in net fee income from card operations noted,Weak_Bearish
Company wins minor government tender in competitive process,Weak_Bullish
Company management arrested in connection with financial fraud case,Strong_Bearish
Positive seasonal trends boost quarterly results marginally,Weak_Bullish
Exceptional cash generation funds entire capital program internally,Strong_Bullish
Standard quarterly asset quality review completed as planned,Neutral
Minor increase in loan to value ratios raises caution slightly,Weak_Bearish
Regulatory filing submitted to securities board on schedule,Neutral
Routine confirmation of adequate cyber security measures,Neutral
Company faces modest headwind from weaker economic conditions,Weak_Bearish
Small improvement in overall financial performance indicators noted,Weak_Bullish
Company makes modest progress in expanding retail banking reach,Weak_Bullish
Company faces minor challenge maintaining operational discipline,Weak_Bearish
Standard disclosure on transactions with group entities filed,Neutral
Market responds mildly positive to routine company news release,Weak_Bullish
Company chairman announces ambitious five year growth plan,Strong_Bullish
Company adds small number of high value corporate clients,Weak_Bullish
Company announces completion of routine annual audit process,Neutral
Small increase in structured finance business improves revenue mix,Weak_Bullish
Stock delisted from main board following serious regulatory breach,Strong_Bearish
Foreign investors withdraw all funds amid serious corruption probe,Strong_Bearish
Company reports complete failure of core banking system,Strong_Bearish
Company completes small capital raising exercise successfully,Weak_Bullish
Company earns highest ever fee income from financial services,Strong_Bullish
Board signals need for cost reduction measures in coming quarters,Weak_Bearish
Company misses analyst earnings estimate by small margin,Weak_Bearish
Company management indicted for embezzlement of company funds,Strong_Bearish
Company reports marginal improvement in net stable funding ratio,Weak_Bullish
Company reports minor setback in planned system implementation,Weak_Bearish
Company recovers small amount of previously written off loans,Weak_Bullish
Company confirms existing investment policy remains unchanged,Neutral
Minor increase in staff costs affects operational efficiency,Weak_Bearish
Company reports minor increase in customer complaints volume,Weak_Bearish
Company reports slight reduction in loan concentration risk,Weak_Bullish
Company reports minor improvement in collateral quality of loan book,Weak_Bullish
Standard shareholder rights information updated on company website,Neutral
Company reports highest ever return on invested capital this year,Strong_Bullish
Company faces winding up petition from major creditor in court,Strong_Bearish
Small reduction in cross border trade finance income noted,Weak_Bearish
Normal processing of all payment and settlement transactions,Neutral
Company reports strongest ever capital adequacy ratio in sector,Strong_Bullish
Catastrophic failure of core technology infrastructure disrupts services,Strong_Bearish
Company faces minor regulatory query regarding compliance matter,Weak_Bearish
Company announces generous employee stock option plan rewarding staff,Strong_Bullish
Company faces modest revenue shortfall in key business segment,Weak_Bearish
Company faces minor headwind from competitor pricing actions,Weak_Bearish
Company defaults on major debt obligation alarming all investors,Strong_Bearish
Minor reduction in funding cost improves net interest margin,Weak_Bullish
Small decline in market making activity reduces treasury income,Weak_Bearish
Stable operational performance reported across all business units,Weak_Bullish
Minor reduction in operating expenses boosts profitability marginally,Weak_Bullish
Small increase in trade receivables turnover improves working capital,Weak_Bullish
Exceptional operating conditions deliver record financial performance,Strong_Bullish
Small improvement in board governance standards enhances credibility,Weak_Bullish
Catastrophic flood destroys entire infrastructure project investment,Strong_Bearish
Slight reduction in high quality loan originations noted recently,Weak_Bearish
Normal business activities continue without interruption today,Neutral
Company faces complete suspension of business on regulatory order,Strong_Bearish
Major unresolved dispute causes complete suspension of operations,Strong_Bearish
Exceptional management execution delivers results beyond all expectations,Strong_Bullish
Major counterparty fraud causes catastrophic losses to company,Strong_Bearish
Board of directors resigns amid major financial scandal exposure,Strong_Bearish
Company faces immediate suspension of all new lending operations,Strong_Bearish
Company signs major supply agreement securing revenues for next decade,Strong_Bullish
Company reports slight improvement in project completion timeline,Weak_Bullish
Stock underperforms sector average during trading week,Weak_Bearish
Market share holds steady with minor gains in key segments,Weak_Bullish
Company reports minor shortfall in expected fee income growth,Weak_Bearish
Bonus share announcement at ratio higher than market anticipated,Strong_Bullish
Company wins competitive bid for highly profitable state contract,Strong_Bullish
Company reports minor underperformance against benchmark index,Weak_Bearish
Share price hits all time high after outstanding quarterly results,Strong_Bullish
Company confirms no change in environmental compliance status,Neutral
Company reports minor improvement in provision coverage ratio,Weak_Bullish
Serious concern about company solvency raised by independent analyst,Strong_Bearish
Company faces massive unexpected contingent liability crystallization,Strong_Bearish
Company reports minor shortfall against budget targets this quarter,Weak_Bearish
Company faces small setback in customer acquisition program,Weak_Bearish
Company reports extreme deterioration in credit portfolio quality,Strong_Bearish
Company reports slight but consistent improvement in liquidity ratio,Weak_Bullish
Normal business day operations completed without any disruption,Neutral
Record breaking IPO oversubscription demonstrates massive investor interest,Strong_Bullish
Small but positive movement in net asset value per share noted,Weak_Bullish
Exceptional growth in fee based income diversifies revenue streams strongly,Strong_Bullish
Company confirms ongoing participation in interbank market,Neutral
Company publishes updated schedule of banking product fees,Neutral
Company faces minor headwind from rising operational complexity,Weak_Bearish
Landmark regulatory approval obtained for major business expansion,Strong_Bullish
Depositors queue to withdraw funds amid bank run fears,Strong_Bearish
Company secures minor refinancing at improved terms and rates,Weak_Bullish
Analyst lowers price target modestly for company stock,Weak_Bearish
Company achieves gradual but steady improvement in return metrics,Weak_Bullish
Company reports catastrophic failure of investment portfolio,Strong_Bearish
Slight increase in insurance renewal rate boosts predictable income,Weak_Bullish
Company achieves highest share of market in competitive sector,Strong_Bullish
Slight increase in advisory fee income diversifies revenue slightly,Weak_Bullish
Exceptional asset quality maintained through rigorous credit management,Strong_Bullish
Company faces criminal investigation over management misconduct,Strong_Bearish
Company reports slight increase in average account balance size,Weak_Bullish
Company reports modest challenge growing fee revenue streams,Weak_Bearish
Company reports modest growth in core business operations,Weak_Bullish
Company reports strongest balance sheet in its thirty year history,Strong_Bullish
Catastrophic revelation of massive hidden related party transactions,Strong_Bearish
Company achieves modest growth in high margin product categories,Weak_Bullish
Company forced to shut key operations due to serious legal dispute,Strong_Bearish
Small adverse development in industry outlook noted by analysts,Weak_Bearish
Company achieves highest credit deposit ratio in entire sector,Strong_Bullish
Company management arrested in connection with financial fraud case,Strong_Bearish
Company reports slight difficulty maintaining existing dividend,Weak_Bearish
Company expands aggressively into new international markets,Strong_Bullish
Serious governance failure results in complete board reconstitution,Strong_Bearish
Serious cybersecurity breach exposes customer data extensively,Strong_Bearish
Company reports minor but consistent improvement in market share,Weak_Bullish
Stock dips slightly after mixed financial results announcement,Weak_Bearish
Standard notice of closure of branch for renovation works,Neutral
Quarterly results in line with modest market expectations overall,Weak_Bullish
Routine branch inspection completed by internal audit team,Neutral
Company announces emergency rights issue to avoid complete collapse,Strong_Bearish
Small increase in cost of funds reduces profitability slightly,Weak_Bearish
Company reports slight slippage in service quality metrics,Weak_Bearish
Company reports minor delay in completion of strategic initiative,Weak_Bearish
Stock price increases marginally after positive financial report release,Weak_Bullish
Standard quarterly review of customer satisfaction metrics done,Neutral
Bank achieves record low non-performing loan ratio this quarter,Strong_Bullish
Earnings per share decline slightly from previous year level,Weak_Bearish
Routine review of credit concentration limits completed today,Neutral
Company reports slight increase in customer accounts opened,Weak_Bullish
Net interest margin improves marginally due to rate adjustments,Weak_Bullish
Company reports strongest ever annual revenue crossing major milestone,Strong_Bullish
Company raises fresh capital at premium valuation showing investor trust,Strong_Bullish
Company completes major acquisition strengthening market position,Strong_Bullish
Company confirms regular scheduled maintenance of equipment,Neutral
Company misses analyst earnings estimate by small margin,Weak_Bearish
Company listed as top performer in sector by regulatory authority,Strong_Bullish
Company confirms no change in existing loan product pricing,Neutral
Serious systemic issue discovered in company risk measurement framework,Strong_Bearish
Minor challenge maintaining planned pace of branch network growth,Weak_Bearish
Slight softening in corporate loan demand affects growth,Weak_Bearish
Company achieves full plant utilization rate for first time ever,Strong_Bullish
Small reduction in insurance underwriting profit noted recently,Weak_Bearish
Exceptional credit quality maintained while growing loan book rapidly,Strong_Bullish
Company signs minor agreement with regional development bank,Weak_Bullish
Company reports gradual recovery in business after difficult period,Weak_Bullish
Minor improvement in regulatory compliance metrics pleases auditors,Weak_Bullish
Company faces small adverse change in credit bureau data,Weak_Bearish
Annual general meeting approves bumper dividend proposal unanimously,Strong_Bullish
Exceptional quarter driven by record demand for company services,Strong_Bullish
Small decline in treasury income reduces profitability marginally,Weak_Bearish
